date,flood,location_id
2001-08-04,1,1
2001-08-05,1,1
2001-08-06,1,1
2001-08-10,1,1
2001-08-11,1,1
2001-08-27,1,1
2001-08-28,1,1
2001-08-29,1,1
2001-09-03,1,1
2001-09-04,1,1
2001-09-10,1,1
2001-10-10,1,1
2001-10-20,1,1
2001-10-21,1,1
2001-10-22,1,1
2001-10-23,1,1
2001-10-24,1,1
2001-10-30,1,1
2001-11-06,1,1
2001-11-07,1,1
2001-11-08,1,1
2001-11-10,1,1
2001-11-11,1,1
2001-11-12,1,1
2001-11-13,1,1
2001-11-14,1,1
2001-11-15,1,1
2001-11-16,1,1
2001-11-17,1,1
2001-12-09,1,1
2001-12-10,1,1
2001-12-11,1,1
2001-12-12,1,1
2001-12-13,1,1
2001-12-14,1,1
2001-12-15,1,1
2001-12-16,1,1
2001-12-19,1,1
2001-12-20,1,1
2001-12-21,1,1
2001-12-22,1,1
2001-12-26,1,1
2001-12-27,1,1
2001-12-28,1,1
2001-12-29,1,1
2002-01-22,1,1
2002-01-29,1,1
2002-01-30,1,1
2002-05-17,1,1
2002-05-28,1,1
2002-05-29,1,1
2002-08-18,1,1
2002-08-19,1,1
2002-08-20,1,1
2002-08-21,1,1
2002-08-30,1,1
2002-08-31,1,1
2002-09-01,1,1
2002-09-02,1,1
2002-09-03,1,1
2002-09-05,1,1
2002-09-06,1,1
2002-09-07,1,1
2002-09-08,1,1
2002-09-20,1,1
2002-09-21,1,1
2002-09-22,1,1
2002-09-23,1,1
2002-09-24,1,1
2002-09-25,1,1
2002-09-26,1,1
2002-09-27,1,1
2002-10-06,1,1
2002-10-07,1,1
2002-10-15,1,1
2002-10-16,1,1
2002-10-25,1,1
2002-10-26,1,1
2002-10-27,1,1
2002-11-01,1,1
2002-11-02,1,1
2002-11-03,1,1
2002-11-04,1,1
2002-11-07,1,1
2002-11-08,1,1
2002-11-18,1,1
2002-11-19,1,1
2002-11-20,1,1
2002-11-21,1,1
2002-11-22,1,1
2002-11-25,1,1
2002-11-26,1,1
2002-11-27,1,1
2002-12-08,1,1
2002-12-09,1,1
2002-12-10,1,1
2002-12-11,1,1
2002-12-12,1,1
2002-12-13,1,1
2002-12-14,1,1
2002-12-15,1,1
2002-12-23,1,1
2002-12-24,1,1
2002-12-25,1,1
2002-12-26,1,1
2002-12-27,1,1
2003-01-03,1,1
2003-01-04,1,1
2003-01-05,1,1
2003-02-05,1,1
2003-09-04,1,1
2003-09-05,1,1
2003-09-06,1,1
2003-09-07,1,1
2003-09-08,1,1
2003-09-09,1,1
2003-09-10,1,1
2003-09-11,1,1
2003-09-12,1,1
2003-09-13,1,1
2003-09-14,1,1
2003-09-25,1,1
2003-09-26,1,1
2003-10-03,1,1
2003-10-04,1,1
2003-10-05,1,1
2003-10-06,1,1
2003-10-15,1,1
2003-10-16,1,1
2003-10-17,1,1
2003-10-18,1,1
2003-10-19,1,1
2003-10-20,1,1
2003-10-21,1,1
2003-11-11,1,1
2003-11-12,1,1
2003-11-13,1,1
2003-11-14,1,1
2003-11-15,1,1
2003-11-17,1,1
2003-11-18,1,1
2003-11-24,1,1
2003-11-25,1,1
2003-11-26,1,1
2003-12-08,1,1
2003-12-09,1,1
2003-12-10,1,1
2003-12-11,1,1
2003-12-12,1,1
2003-12-13,1,1
2003-12-14,1,1
2003-12-15,1,1
2003-12-19,1,1
2004-01-25,1,1
2004-05-24,1,1
2004-06-12,1,1
2004-06-13,1,1
2004-07-23,1,1
2004-07-25,1,1
2004-07-28,1,1
2004-08-18,1,1
2004-08-19,1,1
2004-09-10,1,1
2004-09-11,1,1
2004-09-12,1,1
2004-09-13,1,1
2004-09-19,1,1
2004-10-02,1,1
2004-10-03,1,1
2004-10-04,1,1
2004-10-23,1,1
2004-10-24,1,1
2004-10-27,1,1
2004-10-28,1,1
2004-11-16,1,1
2004-11-17,1,1
2004-11-18,1,1
2004-11-19,1,1
2004-11-23,1,1
2004-11-24,1,1
2004-11-25,1,1
2004-11-26,1,1
2004-11-27,1,1
2004-11-28,1,1
2004-12-01,1,1
2004-12-02,1,1
2004-12-07,1,1
2004-12-08,1,1
2004-12-12,1,1
2004-12-13,1,1
2004-12-31,1,1
2005-03-25,1,1
2005-06-09,1,1
2005-07-26,1,1
2005-07-27,1,1
2005-07-28,1,1
2005-08-30,1,1
2005-08-31,1,1
2005-09-01,1,1
2005-09-10,1,1
2005-09-12,1,1
2005-09-13,1,1
2005-09-14,1,1
2005-09-17,1,1
2005-09-18,1,1
2005-09-19,1,1
2005-10-07,1,1
2005-10-08,1,1
2005-10-09,1,1
2005-10-10,1,1
2005-10-11,1,1
2005-10-12,1,1
2005-10-20,1,1
2005-10-23,1,1
2005-10-24,1,1
2005-10-25,1,1
2005-10-26,1,1
2005-10-27,1,1
2005-10-28,1,1
2005-10-29,1,1
2005-10-30,1,1
2005-10-31,1,1
2005-11-01,1,1
2005-11-02,1,1
2005-11-03,1,1
2005-11-04,1,1
2005-11-16,1,1
2005-11-17,1,1
2005-11-18,1,1
2005-11-19,1,1
2005-11-20,1,1
2005-11-21,1,1
2005-11-22,1,1
2005-12-05,1,1
2005-12-06,1,1
2005-12-07,1,1
2005-12-08,1,1
2005-12-09,1,1
2005-12-10,1,1
2005-12-11,1,1
2005-12-12,1,1
2005-12-13,1,1
2005-12-14,1,1
2005-12-15,1,1
2006-01-06,1,1
2006-01-07,1,1
2006-08-01,1,1
2006-08-12,1,1
2006-08-13,1,1
2006-08-14,1,1
2006-08-15,1,1
2006-08-16,1,1
2006-08-17,1,1
2006-08-18,1,1
2006-08-19,1,1
2006-08-20,1,1
2006-08-21,1,1
2006-08-22,1,1
2006-08-23,1,1
2006-08-24,1,1
2006-08-25,1,1
2006-08-26,1,1
2006-08-27,1,1
2006-08-28,1,1
2006-08-29,1,1
2006-08-30,1,1
2006-09-10,1,1
2006-09-11,1,1
2006-09-23,1,1
2006-09-24,1,1
2006-09-25,1,1
2006-09-26,1,1
2006-09-27,1,1
2006-09-30,1,1
2006-10-01,1,1
2006-10-02,1,1
2006-10-03,1,1
2006-10-04,1,1
2006-10-27,1,1
2006-10-28,1,1
2006-12-02,1,1
2006-12-03,1,1
2006-12-04,1,1
2006-12-05,1,1
2006-12-06,1,1
2006-12-09,1,1
2006-12-10,1,1
2006-12-16,1,1
2006-12-17,1,1
2006-12-19,1,1
2006-12-20,1,1
2006-12-21,1,1
2006-12-25,1,1
2006-12-30,1,1
2006-12-31,1,1
2007-01-05,1,1
2007-01-06,1,1
2007-01-07,1,1
2007-01-19,1,1
2007-01-24,1,1
2007-03-20,1,1
2007-03-21,1,1
2007-04-04,1,1
2007-04-30,1,1
2007-05-01,1,1
2007-05-04,1,1
2007-05-05,1,1
2007-05-13,1,1
2007-08-04,1,1
2007-08-05,1,1
2007-08-06,1,1
2007-08-07,1,1
2007-08-08,1,1
2007-08-09,1,1
2007-08-16,1,1
2007-08-17,1,1
2007-08-18,1,1
2007-08-19,1,1
2007-09-04,1,1
2007-09-05,1,1
2007-09-11,1,1
2007-09-12,1,1
2007-09-22,1,1
2007-10-01,1,1
2007-10-02,1,1
2007-10-03,1,1
2007-10-04,1,1
2007-10-05,1,1
2007-10-06,1,1
2007-10-08,1,1
2007-10-09,1,1
2007-10-10,1,1
2007-10-11,1,1
2007-10-12,1,1
2007-10-13,1,1
2007-10-14,1,1
2007-10-15,1,1
2007-10-16,1,1
2007-10-17,1,1
2007-10-18,1,1
2007-10-19,1,1
2007-10-22,1,1
2007-10-23,1,1
2007-10-24,1,1
2007-10-25,1,1
2007-10-26,1,1
2007-10-27,1,1
2007-10-30,1,1
2007-10-31,1,1
2007-11-01,1,1
2007-11-02,1,1
2007-11-03,1,1
2007-11-04,1,1
2007-11-05,1,1
2007-11-09,1,1
2007-11-10,1,1
2007-11-11,1,1
2007-11-12,1,1
2007-11-13,1,1
2007-11-14,1,1
2007-11-17,1,1
2007-11-18,1,1
2007-11-19,1,1
2007-11-20,1,1
2007-11-23,1,1
2007-12-05,1,1
2007-12-06,1,1
2007-12-07,1,1
2007-12-08,1,1
2007-12-24,1,1
2007-12-25,1,1
2007-12-26,1,1
2007-12-30,1,1
2007-12-31,1,1
2008-01-25,1,1
2008-02-27,1,1
2008-05-04,1,1
2008-05-09,1,1
2008-05-10,1,1
2008-05-11,1,1
2008-05-12,1,1
2008-05-13,1,1
2008-05-14,1,1
2008-06-04,1,1
2008-09-09,1,1
2008-09-10,1,1
2008-09-11,1,1
2008-09-12,1,1
2008-09-13,1,1
2008-09-14,1,1
2008-09-15,1,1
2008-09-16,1,1
2008-09-28,1,1
2008-09-29,1,1
2008-09-30,1,1
2008-10-01,1,1
2008-10-02,1,1
2008-10-05,1,1
2008-10-06,1,1
2008-10-07,1,1
2008-10-10,1,1
2008-10-11,1,1
2008-10-12,1,1
2008-10-13,1,1
2008-10-16,1,1
2008-10-17,1,1
2008-10-18,1,1
2008-10-19,1,1
2008-10-20,1,1
2008-10-28,1,1
2008-10-29,1,1
2008-10-30,1,1
2008-11-03,1,1
2008-11-04,1,1
2008-11-08,1,1
2008-11-09,1,1
2008-11-14,1,1
2008-11-15,1,1
2008-11-18,1,1
2008-11-19,1,1
2008-11-20,1,1
2008-11-21,1,1
2008-11-22,1,1
2008-11-23,1,1
2008-11-24,1,1
2008-11-25,1,1
2008-11-26,1,1
2008-11-27,1,1
2008-12-05,1,1
2008-12-06,1,1
2008-12-07,1,1
2008-12-08,1,1
2008-12-09,1,1
2008-12-15,1,1
2008-12-16,1,1
2008-12-23,1,1
2008-12-24,1,1
2008-12-25,1,1
2008-12-26,1,1
2008-12-27,1,1
2008-12-29,1,1
2008-12-30,1,1
2008-12-31,1,1
2009-01-01,1,1
2009-01-09,1,1
2009-01-25,1,1
2009-04-06,1,1
2009-04-07,1,1
2009-04-30,1,1
2009-05-01,1,1
2009-05-29,1,1
2009-05-30,1,1
2009-05-31,1,1
2009-07-16,1,1
2009-07-17,1,1
2009-08-10,1,1
2009-08-11,1,1
2009-08-12,1,1
2009-08-14,1,1
2009-09-03,1,1
2009-09-04,1,1
2009-09-05,1,1
2009-09-06,1,1
2009-09-07,1,1
2009-09-08,1,1
2009-09-23,1,1
2009-09-24,1,1
2009-09-25,1,1
2009-09-26,1,1
2009-09-27,1,1
2009-09-28,1,1
2009-09-29,1,1
2009-09-30,1,1
2009-10-01,1,1
2009-10-18,1,1
2009-10-19,1,1
2009-10-20,1,1
2009-10-21,1,1
2009-10-22,1,1
2009-10-23,1,1
2009-11-02,1,1
2009-11-03,1,1
2009-11-04,1,1
2009-11-05,1,1
2009-11-06,1,1
2009-11-16,1,1
2009-11-17,1,1
2009-11-18,1,1
2009-11-19,1,1
2009-11-20,1,1
2009-11-21,1,1
2009-11-22,1,1
2009-12-17,1,1
2009-12-18,1,1
2009-12-19,1,1
2009-12-20,1,1
2009-12-21,1,1
2009-12-22,1,1
2010-01-12,1,1
2010-01-13,1,1
2010-01-20,1,1
2010-03-10,1,1
2010-05-25,1,1
2010-05-26,1,1
2010-06-03,1,1
2010-07-26,1,1
2010-08-09,1,1
2010-08-12,1,1
2010-08-20,1,1
2010-08-21,1,1
2010-08-23,1,1
2010-08-24,1,1
2010-08-25,1,1
2010-08-28,1,1
2010-08-29,1,1
2010-08-30,1,1
2010-08-31,1,1
2010-09-30,1,1
2010-10-01,1,1
2010-10-02,1,1
2010-10-03,1,1
2010-10-04,1,1
2010-10-05,1,1
2010-10-14,1,1
2010-10-15,1,1
2010-10-16,1,1
2010-10-17,1,1
2010-10-19,1,1
2010-10-27,1,1
2010-10-28,1,1
2010-10-29,1,1
2010-11-01,1,1
2010-11-02,1,1
2010-11-04,1,1
2010-11-05,1,1
2010-11-06,1,1
2010-11-07,1,1
2010-11-08,1,1
2010-11-13,1,1
2010-11-14,1,1
2010-11-15,1,1
2010-11-16,1,1
2010-11-17,1,1
2010-11-18,1,1
2010-11-19,1,1
2010-11-28,1,1
2010-11-29,1,1
2010-11-30,1,1
2010-12-08,1,1
2010-12-26,1,1
2010-12-27,1,1
2011-01-07,1,1
2011-01-08,1,1
2011-01-24,1,1
2011-01-25,1,1
2011-01-28,1,1
2011-01-29,1,1
2011-01-31,1,1
2011-02-01,1,1
2011-02-02,1,1
2011-03-17,1,1
2011-03-23,1,1
2011-03-24,1,1
2011-03-25,1,1
2011-03-28,1,1
2011-05-11,1,1
2011-06-04,1,1
2011-08-11,1,1
2011-08-17,1,1
2011-08-18,1,1
2011-08-19,1,1
2011-09-04,1,1
2011-09-05,1,1
2011-09-06,1,1
2011-09-08,1,1
2011-09-09,1,1
2011-09-10,1,1
2011-09-11,1,1
2011-09-12,1,1
2011-09-18,1,1
2011-09-19,1,1
2011-09-20,1,1
2011-09-21,1,1
2011-09-22,1,1
2011-09-23,1,1
2011-09-24,1,1
2011-09-25,1,1
2011-09-26,1,1
2011-09-27,1,1
2011-09-28,1,1
2011-10-01,1,1
2011-10-02,1,1
2011-10-03,1,1
2011-10-04,1,1
2011-10-05,1,1
2011-10-09,1,1
2011-10-10,1,1
2011-10-11,1,1
2011-10-12,1,1
2011-10-13,1,1
2011-10-14,1,1
2011-10-15,1,1
2011-10-16,1,1
2011-10-17,1,1
2011-10-18,1,1
2011-10-19,1,1
2011-10-27,1,1
2011-10-28,1,1
2011-10-30,1,1
2011-10-31,1,1
2011-11-01,1,1
2011-11-04,1,1
2011-11-05,1,1
2011-11-06,1,1
2011-11-07,1,1
2011-11-08,1,1
2011-11-09,1,1
2011-11-10,1,1
2011-11-16,1,1
2011-11-21,1,1
2011-11-22,1,1
2011-11-24,1,1
2011-11-25,1,1
2011-11-26,1,1
2011-12-02,1,1
2011-12-06,1,1
2011-12-07,1,1
2011-12-08,1,1
2011-12-09,1,1
2011-12-10,1,1
2011-12-15,1,1
2011-12-16,1,1
2011-12-17,1,1
2011-12-18,1,1
2011-12-22,1,1
2011-12-23,1,1
2011-12-24,1,1
2011-12-28,1,1
2011-12-30,1,1
2011-12-31,1,1
2012-01-01,1,1
2012-01-07,1,1
2012-01-08,1,1
2012-01-12,1,1
2012-01-13,1,1
2012-01-22,1,1
2012-01-23,1,1
2012-02-17,1,1
2012-02-18,1,1
2012-05-25,1,1
2012-05-26,1,1
2012-05-30,1,1
2012-05-31,1,1
2012-06-01,1,1
2012-09-02,1,1
2012-09-03,1,1
2012-09-04,1,1
2012-09-05,1,1
2012-09-15,1,1
2012-09-16,1,1
2012-09-17,1,1
2012-10-06,1,1
2012-10-07,1,1
2012-10-08,1,1
2012-10-27,1,1
2012-10-28,1,1
2012-10-29,1,1
2012-10-30,1,1
2012-10-31,1,1
2012-11-01,1,1
2012-11-16,1,1
2012-11-17,1,1
2012-11-18,1,1
2012-11-19,1,1
2012-12-19,1,1
2012-12-23,1,1
2012-12-24,1,1
2012-12-29,1,1
2012-12-30,1,1
2013-01-09,1,1
2013-01-10,1,1
2013-03-03,1,1
2013-03-04,1,1
2013-04-16,1,1
2013-04-17,1,1
2013-05-11,1,1
2013-07-23,1,1
2013-07-24,1,1
2013-09-10,1,1
2013-09-11,1,1
2013-09-16,1,1
2013-09-17,1,1
2013-09-18,1,1
2013-09-19,1,1
2013-09-20,1,1
2013-09-21,1,1
2013-09-22,1,1
2013-09-23,1,1
2013-09-24,1,1
2013-09-25,1,1
2013-09-26,1,1
2013-09-27,1,1
2013-09-28,1,1
2013-09-29,1,1
2013-09-30,1,1
2013-10-01,1,1
2013-10-02,1,1
2013-10-03,1,1
2013-10-04,1,1
2013-10-14,1,1
2013-10-15,1,1
2013-10-16,1,1
2013-10-17,1,1
2013-10-19,1,1
2013-10-20,1,1
2013-10-21,1,1
2013-11-05,1,1
2013-11-06,1,1
2013-11-07,1,1
2013-11-08,1,1
2013-11-09,1,1
2013-11-10,1,1
2013-11-11,1,1
2013-11-12,1,1
2013-11-14,1,1
2013-11-15,1,1
2013-11-16,1,1
2013-11-17,1,1
2013-11-18,1,1
2013-11-19,1,1
2013-11-25,1,1
2013-11-26,1,1
2013-11-28,1,1
2013-11-29,1,1
2013-11-30,1,1
2013-12-23,1,1
2014-01-13,1,1
2014-01-14,1,1
2014-08-28,1,1
2014-10-06,1,1
2014-10-07,1,1
2014-10-08,1,1
2014-10-13,1,1
2014-10-23,1,1
2014-10-24,1,1
2014-10-27,1,1
2014-10-28,1,1
2014-11-04,1,1
2014-11-13,1,1
2014-11-14,1,1
2014-11-15,1,1
2014-11-16,1,1
2014-11-17,1,1
2014-12-01,1,1
2014-12-02,1,1
2014-12-03,1,1
2014-12-04,1,1
2014-12-05,1,1
2014-12-06,1,1
2014-12-07,1,1
2014-12-08,1,1
2014-12-09,1,1
2014-12-11,1,1
2014-12-12,1,1
2014-12-13,1,1
2014-12-14,1,1
2014-12-16,1,1
2014-12-17,1,1
2014-12-21,1,1
2014-12-22,1,1
2014-12-25,1,1
2014-12-26,1,1
2014-12-27,1,1
2014-12-28,1,1
2014-12-29,1,1
2015-01-09,1,1
2015-01-10,1,1
2015-01-11,1,1
2015-02-06,1,1
2015-02-07,1,1
2015-04-12,1,1
2015-04-13,1,1
2015-06-23,1,1
2015-06-24,1,1
2015-07-07,1,1
2015-07-08,1,1
2015-08-05,1,1
2015-09-02,1,1
2015-09-13,1,1
2015-09-14,1,1
2015-09-15,1,1
2015-09-16,1,1
2015-09-17,1,1
2015-10-06,1,1
2015-10-08,1,1
2015-10-09,1,1
2015-10-10,1,1
2015-10-11,1,1
2015-10-12,1,1
2015-10-13,1,1
2015-10-14,1,1
2015-10-15,1,1
2015-11-02,1,1
2015-11-05,1,1
2015-11-06,1,1
2015-11-07,1,1
2015-11-26,1,1
2015-11-27,1,1
2015-11-28,1,1
2015-12-07,1,1
2015-12-08,1,1
2015-12-16,1,1
2015-12-17,1,1
2015-12-18,1,1
2015-12-21,1,1
2015-12-30,1,1
2015-12-31,1,1
2016-01-01,1,1
2016-01-12,1,1
2016-01-13,1,1
2016-01-18,1,1
2016-01-19,1,1
2016-01-24,1,1
2016-02-05,1,1
2016-02-06,1,1
2016-02-24,1,1
2016-02-25,1,1
2016-05-25,1,1
2016-06-17,1,1
2016-06-30,1,1
2016-07-05,1,1
2016-07-06,1,1
2016-07-07,1,1
2016-08-24,1,1
2016-08-29,1,1
2016-09-05,1,1
2016-09-06,1,1
2016-09-11,1,1
2016-09-12,1,1
2016-09-13,1,1
2016-09-14,1,1
2016-09-15,1,1
2016-09-20,1,1
2016-09-21,1,1
2016-09-22,1,1
2016-09-24,1,1
2016-09-25,1,1
2016-10-03,1,1
2016-10-04,1,1
2016-10-05,1,1
2016-10-06,1,1
2016-10-07,1,1
2016-10-11,1,1
2016-10-12,1,1
2016-10-13,1,1
2016-10-14,1,1
2016-10-15,1,1
2016-10-16,1,1
2016-10-17,1,1
2016-10-30,1,1
2016-10-31,1,1
2016-11-01,1,1
2016-11-02,1,1
2016-11-03,1,1
2016-11-07,1,1
2016-11-08,1,1
2016-11-10,1,1
2016-11-11,1,1
2016-11-18,1,1
2016-11-24,1,1
2016-11-25,1,1
2016-11-26,1,1
2016-11-27,1,1
2016-11-28,1,1
2016-11-30,1,1
2016-12-01,1,1
2016-12-02,1,1
2016-12-03,1,1
2016-12-04,1,1
2016-12-05,1,1
2016-12-06,1,1
2016-12-07,1,1
2016-12-08,1,1
2016-12-12,1,1
2016-12-13,1,1
2016-12-14,1,1
2016-12-15,1,1
2016-12-16,1,1
2016-12-17,1,1
2016-12-18,1,1
2016-12-22,1,1
2016-12-23,1,1
2016-12-24,1,1
2016-12-27,1,1
2016-12-28,1,1
2016-12-31,1,1
2017-01-01,1,1
2017-01-02,1,1
2017-01-16,1,1
2017-01-25,1,1
2017-01-26,1,1
2017-02-11,1,1
2017-02-25,1,1
2017-03-27,1,1
2017-03-31,1,1
2017-04-01,1,1
2017-04-29,1,1
2017-05-15,1,1
2017-05-16,1,1
2017-05-25,1,1
2017-05-26,1,1
2017-05-27,1,1
2017-05-28,1,1
2017-07-16,1,1
2017-07-17,1,1
2017-07-24,1,1
2017-07-25,1,1
2017-07-26,1,1
2017-07-28,1,1
2017-08-26,1,1
2017-08-27,1,1
2017-08-28,1,1
2017-08-29,1,1
2017-08-30,1,1
2017-09-14,1,1
2017-09-15,1,1
2017-09-16,1,1
2017-09-17,1,1
2017-10-02,1,1
2017-10-03,1,1
2017-10-07,1,1
2017-10-08,1,1
2017-10-09,1,1
2017-10-10,1,1
2017-10-11,1,1
2017-10-14,1,1
2017-10-18,1,1
2017-10-30,1,1
2017-10-31,1,1
2017-11-01,1,1
2017-11-02,1,1
2017-11-03,1,1
2017-11-04,1,1
2017-11-05,1,1
2017-11-06,1,1
2017-11-07,1,1
2017-11-08,1,1
2017-11-09,1,1
2017-11-10,1,1
2017-11-11,1,1
2017-11-19,1,1
2017-11-20,1,1
2017-11-21,1,1
2017-11-22,1,1
2017-11-23,1,1
2017-11-24,1,1
2017-11-25,1,1
2017-11-26,1,1
2017-11-29,1,1
2017-12-01,1,1
2017-12-02,1,1
2017-12-03,1,1
2017-12-16,1,1
2017-12-17,1,1
2018-07-14,1,1
2018-07-15,1,1
2018-07-17,1,1
2018-07-18,1,1
2018-07-22,1,1
2018-07-28,1,1
2018-08-09,1,1
2018-08-10,1,1
2018-09-10,1,1
2018-09-30,1,1
2018-10-01,1,1
2018-10-02,1,1
2018-10-03,1,1
2018-10-04,1,1
2018-10-11,1,1
2018-10-12,1,1
2018-10-13,1,1
2018-10-14,1,1
2018-11-23,1,1
2018-11-24,1,1
2018-11-25,1,1
2018-11-27,1,1
2018-11-28,1,1
2018-11-29,1,1
2018-11-30,1,1
2018-12-08,1,1
2018-12-09,1,1
2018-12-10,1,1
2018-12-11,1,1
2018-12-12,1,1
2018-12-13,1,1
2018-12-14,1,1
2018-12-15,1,1
2018-12-16,1,1
2018-12-17,1,1
2018-12-18,1,1
2018-12-29,1,1
2018-12-30,1,1
2018-12-31,1,1
2019-01-02,1,1
2019-01-17,1,1
2019-01-18,1,1
2019-01-22,1,1
2019-07-02,1,1
2019-07-03,1,1
2019-08-29,1,1
2019-08-30,1,1
2019-08-31,1,1
2019-09-02,1,1
2019-09-03,1,1
2019-09-04,1,1
2019-09-05,1,1
2019-09-19,1,1
2019-09-20,1,1
2019-09-25,1,1
2019-09-26,1,1
2019-10-15,1,1
2019-10-16,1,1
2019-10-30,1,1
2019-10-31,1,1
2019-11-01,1,1
2019-11-02,1,1
2019-11-03,1,1
2019-11-05,1,1
2019-11-10,1,1
2019-11-11,1,1
2019-11-12,1,1
2019-11-13,1,1
2019-11-28,1,1
2019-11-29,1,1
2019-11-30,1,1
2020-02-18,1,1
2020-04-12,1,1
2020-04-13,1,1
2020-04-25,1,1
2020-04-26,1,1
2020-04-27,1,1
2020-08-01,1,1
2020-09-18,1,1
2020-09-19,1,1
2020-09-20,1,1
2020-10-06,1,1
2020-10-07,1,1
2020-10-08,1,1
2020-10-09,1,1
2020-10-10,1,1
2020-10-11,1,1
2020-10-12,1,1
2020-10-13,1,1
2020-10-14,1,1
2020-10-15,1,1
2020-10-16,1,1
2020-10-17,1,1
2020-10-18,1,1
2020-10-19,1,1
2020-10-20,1,1
2020-10-21,1,1
2020-10-22,1,1
2020-10-25,1,1
2020-10-26,1,1
2020-10-27,1,1
2020-10-28,1,1
2020-10-29,1,1
2020-10-30,1,1
2020-10-31,1,1
2020-11-04,1,1
2020-11-05,1,1
2020-11-06,1,1
2020-11-07,1,1
2020-11-09,1,1
2020-11-10,1,1
2020-11-11,1,1
2020-11-12,1,1
2020-11-13,1,1
2020-11-14,1,1
2020-11-15,1,1
2020-11-16,1,1
2020-11-28,1,1
2020-11-29,1,1
2020-11-30,1,1
2020-12-01,1,1
2020-12-02,1,1
2020-12-03,1,1
2020-12-16,1,1
2020-12-17,1,1
2020-12-19,1,1
2020-12-20,1,1
2020-12-21,1,1
2020-12-24,1,1
2020-12-25,1,1
2020-12-31,1,1
2021-01-08,1,1
2021-01-09,1,1
2021-01-12,1,1
2021-06-12,1,1
2021-06-13,1,1
2021-09-11,1,1
2021-09-12,1,1
2021-09-13,1,1
2021-09-14,1,1
2021-09-23,1,1
2021-09-24,1,1
2021-09-25,1,1
2021-10-05,1,1
2021-10-06,1,1
2021-10-07,1,1
2021-10-08,1,1
2021-10-09,1,1
2021-10-13,1,1
2021-10-14,1,1
2021-10-15,1,1
2021-10-16,1,1
2021-10-17,1,1
2021-10-18,1,1
2021-10-22,1,1
2021-10-23,1,1
2021-10-24,1,1
2021-10-25,1,1
2021-10-26,1,1
2021-10-27,1,1
2021-10-28,1,1
2021-10-29,1,1
2021-10-30,1,1
2021-11-08,1,1
2021-11-09,1,1
2021-11-10,1,1
2021-11-13,1,1
2021-11-14,1,1
2021-11-15,1,1
2021-11-16,1,1
2021-11-17,1,1
2021-11-18,1,1
2021-11-23,1,1
2021-11-24,1,1
2021-11-25,1,1
2021-11-28,1,1
2021-11-29,1,1
2021-11-30,1,1
2021-12-18,1,1
2021-12-19,1,1
2021-12-20,1,1
2021-12-25,1,1
2021-12-26,1,1
2021-12-27,1,1
2021-12-28,1,1
2021-12-29,1,1
2021-12-30,1,1
2022-01-19,1,1
2022-02-14,1,1
2022-03-31,1,1
2022-04-01,1,1
2022-04-02,1,1
2022-04-03,1,1
2022-05-01,1,1
2022-05-02,1,1
2022-05-15,1,1
2022-05-16,1,1
2022-05-17,1,1
2022-05-21,1,1
2022-05-22,1,1
2022-07-11,1,1
2022-08-06,1,1
2022-08-09,1,1
2022-09-09,1,1
2022-09-23,1,1
2022-09-24,1,1
2022-09-25,1,1
2022-09-26,1,1
2022-09-27,1,1
2022-09-28,1,1
2022-09-29,1,1
2022-09-30,1,1
2022-10-05,1,1
2022-10-07,1,1
2022-10-09,1,1
2022-10-10,1,1
2022-10-11,1,1
2022-10-12,1,1
2022-10-13,1,1
2022-10-14,1,1
2022-10-15,1,1
2022-10-16,1,1
2022-10-17,1,1
2022-10-20,1,1
2022-10-21,1,1
2022-10-22,1,1
2022-10-23,1,1
2022-10-24,1,1
2022-10-25,1,1
2022-10-26,1,1
2022-10-27,1,1
2022-11-21,1,1
2022-11-22,1,1
2022-11-23,1,1
2022-12-02,1,1
2022-12-03,1,1
2022-12-04,1,1
2022-12-05,1,1
2022-12-06,1,1
2022-12-07,1,1
2022-12-08,1,1
2022-12-09,1,1
2022-12-10,1,1
2022-12-12,1,1
2022-12-17,1,1
2022-12-18,1,1
2022-12-23,1,1
2022-12-29,1,1
2022-12-30,1,1
2023-01-03,1,1
2023-01-04,1,1
2023-01-17,1,1
2023-01-18,1,1
2023-01-24,1,1
2023-01-25,1,1
2023-01-28,1,1
2023-02-15,1,1
2023-02-16,1,1
2023-05-12,1,1
2023-08-31,1,1
2023-09-05,1,1
2023-09-06,1,1
2023-09-15,1,1
2023-09-16,1,1
2023-09-18,1,1
2023-09-25,1,1
2023-09-26,1,1
2023-09-27,1,1
2023-09-28,1,1
2023-10-09,1,1
2023-10-10,1,1
2023-10-11,1,1
2023-10-12,1,1
2023-10-13,1,1
2023-10-14,1,1
2023-10-15,1,1
2023-10-16,1,1
2023-10-17,1,1
2023-10-18,1,1
2023-10-19,1,1
2023-10-20,1,1
2023-10-21,1,1
2023-10-22,1,1
2023-10-23,1,1
2023-10-24,1,1
2023-10-25,1,1
2023-10-30,1,1
2023-10-31,1,1
2023-11-01,1,1
2023-11-03,1,1
2023-11-08,1,1
2023-11-09,1,1
2023-11-13,1,1
2023-11-14,1,1
2023-11-15,1,1
2023-11-16,1,1
2023-11-17,1,1
2023-11-26,1,1
2023-11-27,1,1
2023-12-01,1,1
2023-12-02,1,1
2023-12-03,1,1
2023-12-04,1,1
2023-12-05,1,1
2023-12-07,1,1
2023-12-08,1,1
2023-12-17,1,1
2023-12-18,1,1
2023-12-19,1,1
2023-12-20,1,1
2023-12-21,1,1
2023-12-22,1,1
2023-12-23,1,1
2023-12-24,1,1
2023-12-25,1,1
2023-12-28,1,1
2023-12-29,1,1
2023-12-30,1,1
2024-01-24,1,1
2024-01-25,1,1
2024-06-27,1,1
2024-07-15,1,1
2024-07-16,1,1
2024-07-18,1,1
2024-07-19,1,1
2024-09-14,1,1
2024-09-15,1,1
2024-09-18,1,1
2024-09-19,1,1
2024-09-20,1,1
2024-09-21,1,1
2024-09-22,1,1
2024-09-23,1,1
2024-09-24,1,1
2024-09-25,1,1
2024-10-03,1,1
2024-10-04,1,1
2024-10-08,1,1
2024-10-09,1,1
2024-10-21,1,1
2024-10-22,1,1
2024-10-23,1,1
2024-10-27,1,1
2024-10-28,1,1
2024-10-29,1,1
2024-10-30,1,1
2024-10-31,1,1
2024-11-01,1,1
2024-11-03,1,1
2024-11-04,1,1
2024-11-05,1,1
2024-11-06,1,1
2024-11-07,1,1
2024-11-08,1,1
2024-11-12,1,1
2024-11-13,1,1
2024-11-14,1,1
2024-11-19,1,1
2024-11-20,1,1
2024-11-21,1,1
2024-11-22,1,1
2024-11-23,1,1
2024-11-24,1,1
2024-11-25,1,1
2024-11-26,1,1
2024-11-27,1,1
2024-12-12,1,1
2024-12-13,1,1
2024-12-14,1,1
2024-12-15,1,1
2024-12-16,1,1
2024-12-20,1,1
2024-12-25,1,1
2024-12-27,1,1
2024-12-28,1,1
2024-12-29,1,1
2024-12-30,1,1
2025-02-25,1,1
2025-02-26,1,1
2025-03-07,1,1
2025-03-08,1,1
2025-06-11,1,1
2025-06-12,1,1
2025-06-13,1,1
2025-06-14,1,1
2025-06-15,1,1
2025-07-26,1,1
2025-07-27,1,1
2025-08-15,1,1
2025-08-17,1,1
2025-08-18,1,1
2025-08-26,1,1
2025-08-27,1,1
2025-08-29,1,1
2025-08-30,1,1
2025-08-31,1,1
2025-09-01,1,1
2025-09-22,1,1
2025-09-27,1,1
2025-09-28,1,1
2025-09-29,1,1
2025-09-30,1,1
2025-10-01,1,1
2025-10-13,1,1
2025-10-16,1,1
2025-10-18,1,1
2025-10-19,1,1
2025-10-21,1,1
2025-10-22,1,1
2025-10-23,1,1
2025-10-24,1,1
2025-10-25,1,1
2025-10-26,1,1
2025-10-27,1,1
2025-10-28,1,1
2025-10-29,1,1
2025-10-30,1,1
2025-10-31,1,1
2025-11-01,1,1
2025-11-02,1,1
2025-11-03,1,1
2025-11-04,1,1
2025-11-05,1,1
2025-11-06,1,1
2025-11-07,1,1
2025-11-08,1,1
2025-11-16,1,1
2025-11-17,1,1
2025-11-18,1,1
2025-11-19,1,1
2025-11-20,1,1
2025-11-21,1,1
2025-11-24,1,1
2025-11-25,1,1
2025-11-26,1,1
2025-12-04,1,1
2025-12-05,1,1
2025-12-12,1,1
2025-12-15,1,1
2025-12-16,1,1
2025-12-17,1,1
2025-12-19,1,1
2025-12-26,1,1
2025-12-27,1,1
2026-01-08,1,1
2026-03-06,1,1
2026-03-14,1,1
2000-08-20,1,2
2000-11-18,1,2
2000-11-19,1,2
2000-11-20,1,2
2000-11-21,1,2
2000-11-22,1,2
2000-11-23,1,2
2000-11-24,1,2
2000-11-25,1,2
2000-11-26,1,2
2001-08-06,1,2
2001-08-09,1,2
2001-08-10,1,2
2001-08-28,1,2
2001-08-29,1,2
2001-08-30,1,2
2001-09-03,1,2
2001-09-11,1,2
2001-10-19,1,2
2001-10-20,1,2
2001-10-21,1,2
2001-10-22,1,2
2001-10-23,1,2
2001-10-24,1,2
2001-10-30,1,2
2001-11-06,1,2
2001-11-07,1,2
2001-11-08,1,2
2001-11-11,1,2
2001-11-12,1,2
2001-11-13,1,2
2001-11-14,1,2
2001-11-15,1,2
2001-11-16,1,2
2001-11-17,1,2
2001-11-19,1,2
2001-11-23,1,2
2001-11-24,1,2
2001-12-08,1,2
2001-12-09,1,2
2001-12-10,1,2
2001-12-11,1,2
2001-12-14,1,2
2001-12-15,1,2
2001-12-16,1,2
2001-12-19,1,2
2001-12-20,1,2
2001-12-21,1,2
2001-12-22,1,2
2001-12-23,1,2
2001-12-27,1,2
2001-12-28,1,2
2001-12-29,1,2
2002-08-19,1,2
2002-08-20,1,2
2002-09-01,1,2
2002-09-02,1,2
2002-09-08,1,2
2002-09-16,1,2
2002-09-17,1,2
2002-09-20,1,2
2002-09-21,1,2
2002-09-22,1,2
2002-09-23,1,2
2002-09-24,1,2
2002-09-25,1,2
2002-09-26,1,2
2002-10-06,1,2
2002-10-07,1,2
2002-10-08,1,2
2002-10-09,1,2
2002-10-15,1,2
2002-10-16,1,2
2002-10-25,1,2
2002-10-26,1,2
2002-11-01,1,2
2002-11-02,1,2
2002-11-03,1,2
2002-11-04,1,2
2002-11-05,1,2
2002-11-06,1,2
2002-11-07,1,2
2002-11-08,1,2
2002-11-09,1,2
2002-11-10,1,2
2002-11-18,1,2
2002-11-19,1,2
2002-11-20,1,2
2002-11-21,1,2
2002-11-22,1,2
2002-11-23,1,2
2002-11-24,1,2
2002-11-25,1,2
2002-11-26,1,2
2002-11-27,1,2
2002-12-09,1,2
2002-12-10,1,2
2002-12-11,1,2
2002-12-12,1,2
2002-12-13,1,2
2002-12-14,1,2
2002-12-15,1,2
2002-12-16,1,2
2002-12-22,1,2
2002-12-23,1,2
2002-12-24,1,2
2002-12-26,1,2
2002-12-28,1,2
2002-12-29,1,2
2003-01-04,1,2
2003-03-08,1,2
2003-03-09,1,2
2003-03-10,1,2
2003-03-11,1,2
2003-08-20,1,2
2003-09-03,1,2
2003-09-04,1,2
2003-09-05,1,2
2003-09-08,1,2
2003-09-09,1,2
2003-09-10,1,2
2003-09-11,1,2
2003-09-13,1,2
2003-09-14,1,2
2003-09-15,1,2
2003-10-02,1,2
2003-10-03,1,2
2003-10-04,1,2
2003-10-05,1,2
2003-10-06,1,2
2003-10-07,1,2
2003-10-15,1,2
2003-10-16,1,2
2003-10-17,1,2
2003-10-18,1,2
2003-10-19,1,2
2003-10-20,1,2
2003-10-21,1,2
2003-10-22,1,2
2003-10-29,1,2
2003-10-30,1,2
2003-11-11,1,2
2003-11-12,1,2
2003-11-13,1,2
2003-11-14,1,2
2003-11-15,1,2
2003-11-18,1,2
2003-11-23,1,2
2003-11-24,1,2
2003-11-25,1,2
2003-11-26,1,2
2003-11-29,1,2
2003-11-30,1,2
2003-12-08,1,2
2003-12-09,1,2
2003-12-10,1,2
2003-12-11,1,2
2003-12-12,1,2
2003-12-14,1,2
2003-12-15,1,2
2003-12-16,1,2
2003-12-17,1,2
2003-12-18,1,2
2003-12-19,1,2
2003-12-21,1,2
2003-12-22,1,2
2004-01-13,1,2
2004-01-21,1,2
2004-01-22,1,2
2004-01-25,1,2
2004-06-11,1,2
2004-06-12,1,2
2004-06-13,1,2
2004-07-26,1,2
2004-07-27,1,2
2004-09-18,1,2
2004-09-19,1,2
2004-10-02,1,2
2004-10-03,1,2
2004-10-04,1,2
2004-10-23,1,2
2004-10-24,1,2
2004-10-27,1,2
2004-10-28,1,2
2004-10-29,1,2
2004-11-17,1,2
2004-11-18,1,2
2004-11-22,1,2
2004-11-23,1,2
2004-11-24,1,2
2004-11-25,1,2
2004-11-26,1,2
2004-11-27,1,2
2004-11-28,1,2
2004-11-29,1,2
2004-12-01,1,2
2004-12-02,1,2
2004-12-03,1,2
2004-12-06,1,2
2004-12-07,1,2
2004-12-08,1,2
2004-12-12,1,2
2005-01-01,1,2
2005-03-20,1,2
2005-03-24,1,2
2005-03-25,1,2
2005-07-30,1,2
2005-09-12,1,2
2005-09-13,1,2
2005-09-14,1,2
2005-09-15,1,2
2005-09-16,1,2
2005-09-17,1,2
2005-09-18,1,2
2005-09-27,1,2
2005-09-28,1,2
2005-09-29,1,2
2005-09-30,1,2
2005-10-08,1,2
2005-10-09,1,2
2005-10-10,1,2
2005-10-11,1,2
2005-10-19,1,2
2005-10-20,1,2
2005-10-21,1,2
2005-10-22,1,2
2005-10-23,1,2
2005-10-24,1,2
2005-10-25,1,2
2005-10-26,1,2
2005-10-27,1,2
2005-10-29,1,2
2005-10-30,1,2
2005-10-31,1,2
2005-11-01,1,2
2005-11-02,1,2
2005-11-03,1,2
2005-11-04,1,2
2005-11-17,1,2
2005-11-18,1,2
2005-11-19,1,2
2005-11-23,1,2
2005-11-24,1,2
2005-11-25,1,2
2005-11-26,1,2
2005-11-27,1,2
2005-11-28,1,2
2005-12-04,1,2
2005-12-05,1,2
2005-12-06,1,2
2005-12-07,1,2
2005-12-08,1,2
2005-12-09,1,2
2005-12-10,1,2
2005-12-11,1,2
2005-12-12,1,2
2005-12-13,1,2
2005-12-14,1,2
2005-12-15,1,2
2005-12-16,1,2
2005-12-17,1,2
2005-12-18,1,2
2005-12-19,1,2
2005-12-20,1,2
2005-12-21,1,2
2005-12-22,1,2
2005-12-23,1,2
2005-12-24,1,2
2005-12-28,1,2
2005-12-29,1,2
2005-12-30,1,2
2005-12-31,1,2
2006-01-01,1,2
2006-01-06,1,2
2006-01-07,1,2
2006-01-08,1,2
2006-02-10,1,2
2006-02-24,1,2
2006-08-01,1,2
2006-08-12,1,2
2006-08-13,1,2
2006-08-14,1,2
2006-08-15,1,2
2006-09-11,1,2
2006-09-21,1,2
2006-09-22,1,2
2006-09-23,1,2
2006-09-24,1,2
2006-09-25,1,2
2006-09-26,1,2
2006-09-27,1,2
2006-09-28,1,2
2006-09-29,1,2
2006-09-30,1,2
2006-10-01,1,2
2006-10-02,1,2
2006-10-03,1,2
2006-10-04,1,2
2006-10-05,1,2
2006-10-06,1,2
2006-10-08,1,2
2006-10-12,1,2
2006-10-13,1,2
2006-10-14,1,2
2006-10-15,1,2
2006-10-16,1,2
2006-10-17,1,2
2006-10-25,1,2
2006-10-26,1,2
2006-10-27,1,2
2006-10-28,1,2
2006-10-29,1,2
2006-11-07,1,2
2006-11-08,1,2
2006-11-09,1,2
2006-11-10,1,2
2006-12-03,1,2
2006-12-04,1,2
2006-12-05,1,2
2006-12-06,1,2
2006-12-07,1,2
2006-12-09,1,2
2006-12-10,1,2
2006-12-11,1,2
2006-12-17,1,2
2006-12-19,1,2
2006-12-20,1,2
2006-12-30,1,2
2006-12-31,1,2
2007-01-06,1,2
2007-01-07,1,2
2007-01-09,1,2
2007-01-18,1,2
2007-01-19,1,2
2007-04-04,1,2
2007-04-05,1,2
2007-08-04,1,2
2007-08-05,1,2
2007-08-06,1,2
2007-08-17,1,2
2007-08-18,1,2
2007-09-23,1,2
2007-09-29,1,2
2007-09-30,1,2
2007-10-01,1,2
2007-10-02,1,2
2007-10-03,1,2
2007-10-04,1,2
2007-10-05,1,2
2007-10-06,1,2
2007-10-07,1,2
2007-10-08,1,2
2007-10-09,1,2
2007-10-10,1,2
2007-10-11,1,2
2007-10-12,1,2
2007-10-13,1,2
2007-10-14,1,2
2007-10-15,1,2
2007-10-16,1,2
2007-10-17,1,2
2007-10-18,1,2
2007-10-20,1,2
2007-10-21,1,2
2007-10-22,1,2
2007-10-23,1,2
2007-10-24,1,2
2007-10-25,1,2
2007-10-26,1,2
2007-10-27,1,2
2007-10-28,1,2
2007-10-29,1,2
2007-10-30,1,2
2007-10-31,1,2
2007-11-01,1,2
2007-11-02,1,2
2007-11-03,1,2
2007-11-04,1,2
2007-11-05,1,2
2007-11-06,1,2
2007-11-07,1,2
2007-11-08,1,2
2007-11-09,1,2
2007-11-10,1,2
2007-11-11,1,2
2007-11-12,1,2
2007-11-13,1,2
2007-11-14,1,2
2007-11-15,1,2
2007-11-16,1,2
2007-11-17,1,2
2007-11-18,1,2
2007-11-19,1,2
2007-11-20,1,2
2007-11-21,1,2
2007-11-22,1,2
2007-11-23,1,2
2007-11-24,1,2
2007-11-25,1,2
2007-12-05,1,2
2007-12-06,1,2
2007-12-07,1,2
2007-12-08,1,2
2008-01-15,1,2
2008-01-16,1,2
2008-01-18,1,2
2008-01-23,1,2
2008-01-24,1,2
2008-01-25,1,2
2008-01-26,1,2
2008-02-12,1,2
2008-02-13,1,2
2008-02-14,1,2
2008-02-27,1,2
2008-02-28,1,2
2008-05-12,1,2
2008-05-13,1,2
2008-05-19,1,2
2008-05-20,1,2
2008-09-12,1,2
2008-09-13,1,2
2008-09-17,1,2
2008-09-18,1,2
2008-09-21,1,2
2008-09-28,1,2
2008-09-29,1,2
2008-09-30,1,2
2008-10-01,1,2
2008-10-11,1,2
2008-10-12,1,2
2008-10-13,1,2
2008-10-14,1,2
2008-10-16,1,2
2008-10-17,1,2
2008-10-18,1,2
2008-10-19,1,2
2008-10-20,1,2
2008-10-21,1,2
2008-10-22,1,2
2008-10-25,1,2
2008-10-26,1,2
2008-10-27,1,2
2008-10-28,1,2
2008-10-29,1,2
2008-11-03,1,2
2008-11-04,1,2
2008-11-09,1,2
2008-11-10,1,2
2008-11-14,1,2
2008-11-15,1,2
2008-11-17,1,2
2008-11-18,1,2
2008-11-19,1,2
2008-11-20,1,2
2008-11-21,1,2
2008-11-22,1,2
2008-11-23,1,2
2008-11-24,1,2
2008-11-25,1,2
2008-11-26,1,2
2008-11-27,1,2
2008-11-28,1,2
2008-12-05,1,2
2008-12-06,1,2
2008-12-07,1,2
2008-12-09,1,2
2008-12-23,1,2
2008-12-25,1,2
2008-12-26,1,2
2008-12-27,1,2
2008-12-30,1,2
2008-12-31,1,2
2009-01-01,1,2
2009-01-02,1,2
2009-01-03,1,2
2009-01-06,1,2
2009-04-02,1,2
2009-05-02,1,2
2009-05-23,1,2
2009-05-30,1,2
2009-05-31,1,2
2009-07-15,1,2
2009-09-03,1,2
2009-09-04,1,2
2009-09-05,1,2
2009-09-06,1,2
2009-09-07,1,2
2009-09-08,1,2
2009-09-09,1,2
2009-09-23,1,2
2009-09-24,1,2
2009-09-25,1,2
2009-09-26,1,2
2009-09-27,1,2
2009-09-28,1,2
2009-09-29,1,2
2009-09-30,1,2
2009-10-01,1,2
2009-10-16,1,2
2009-10-17,1,2
2009-10-18,1,2
2009-10-19,1,2
2009-10-20,1,2
2009-10-22,1,2
2009-10-23,1,2
2009-10-24,1,2
2009-11-02,1,2
2009-11-03,1,2
2009-11-04,1,2
2009-11-05,1,2
2009-11-06,1,2
2009-11-07,1,2
2009-11-17,1,2
2009-11-18,1,2
2009-11-19,1,2
2009-11-20,1,2
2009-11-21,1,2
2009-11-22,1,2
2009-12-03,1,2
2009-12-18,1,2
2009-12-19,1,2
2009-12-20,1,2
2009-12-21,1,2
2009-12-22,1,2
2010-01-13,1,2
2010-01-18,1,2
2010-01-19,1,2
2010-01-20,1,2
2010-03-10,1,2
2010-03-27,1,2
2010-08-03,1,2
2010-08-09,1,2
2010-08-10,1,2
2010-08-11,1,2
2010-08-20,1,2
2010-08-28,1,2
2010-08-29,1,2
2010-08-30,1,2
2010-09-02,1,2
2010-09-30,1,2
2010-10-01,1,2
2010-10-02,1,2
2010-10-03,1,2
2010-10-04,1,2
2010-10-05,1,2
2010-10-06,1,2
2010-10-14,1,2
2010-10-15,1,2
2010-10-19,1,2
2010-10-27,1,2
2010-10-28,1,2
2010-10-30,1,2
2010-10-31,1,2
2010-11-01,1,2
2010-11-02,1,2
2010-11-03,1,2
2010-11-04,1,2
2010-11-05,1,2
2010-11-06,1,2
2010-11-07,1,2
2010-11-08,1,2
2010-11-09,1,2
2010-11-10,1,2
2010-11-11,1,2
2010-11-12,1,2
2010-11-13,1,2
2010-11-14,1,2
2010-11-15,1,2
2010-11-16,1,2
2010-11-17,1,2
2010-11-18,1,2
2010-11-19,1,2
2010-11-28,1,2
2010-11-29,1,2
2010-11-30,1,2
2010-12-04,1,2
2010-12-05,1,2
2010-12-06,1,2
2010-12-07,1,2
2010-12-16,1,2
2010-12-17,1,2
2010-12-27,1,2
2011-01-15,1,2
2011-01-16,1,2
2011-01-21,1,2
2011-01-22,1,2
2011-01-23,1,2
2011-01-27,1,2
2011-01-28,1,2
2011-01-29,1,2
2011-01-30,1,2
2011-01-31,1,2
2011-02-01,1,2
2011-02-02,1,2
2011-03-16,1,2
2011-03-17,1,2
2011-03-23,1,2
2011-03-24,1,2
2011-03-25,1,2
2011-03-27,1,2
2011-03-28,1,2
2011-03-29,1,2
2011-06-19,1,2
2011-06-20,1,2
2011-06-21,1,2
2011-06-22,1,2
2011-06-23,1,2
2011-06-24,1,2
2011-09-08,1,2
2011-09-10,1,2
2011-09-21,1,2
2011-09-22,1,2
2011-09-23,1,2
2011-09-24,1,2
2011-09-25,1,2
2011-09-26,1,2
2011-09-27,1,2
2011-09-28,1,2
2011-10-02,1,2
2011-10-03,1,2
2011-10-04,1,2
2011-10-09,1,2
2011-10-10,1,2
2011-10-12,1,2
2011-10-13,1,2
2011-10-16,1,2
2011-10-17,1,2
2011-10-18,1,2
2011-10-19,1,2
2011-10-20,1,2
2011-10-21,1,2
2011-10-26,1,2
2011-10-27,1,2
2011-10-28,1,2
2011-10-30,1,2
2011-10-31,1,2
2011-11-01,1,2
2011-11-02,1,2
2011-11-03,1,2
2011-11-04,1,2
2011-11-05,1,2
2011-11-06,1,2
2011-11-07,1,2
2011-11-08,1,2
2011-11-09,1,2
2011-11-15,1,2
2011-11-16,1,2
2011-11-21,1,2
2011-11-22,1,2
2011-11-23,1,2
2011-11-24,1,2
2011-11-25,1,2
2011-11-26,1,2
2011-11-27,1,2
2011-12-01,1,2
2011-12-02,1,2
2011-12-06,1,2
2011-12-07,1,2
2011-12-08,1,2
2011-12-09,1,2
2011-12-10,1,2
2011-12-15,1,2
2011-12-16,1,2
2011-12-17,1,2
2011-12-18,1,2
2011-12-19,1,2
2011-12-20,1,2
2011-12-21,1,2
2011-12-22,1,2
2011-12-23,1,2
2011-12-24,1,2
2011-12-28,1,2
2011-12-30,1,2
2011-12-31,1,2
2012-01-01,1,2
2012-01-12,1,2
2012-01-13,1,2
2012-02-16,1,2
2012-02-17,1,2
2012-02-18,1,2
2012-05-27,1,2
2012-08-24,1,2
2012-09-05,1,2
2012-09-14,1,2
2012-09-15,1,2
2012-09-16,1,2
2012-09-27,1,2
2012-09-28,1,2
2012-10-06,1,2
2012-10-07,1,2
2012-10-08,1,2
2012-10-27,1,2
2012-10-28,1,2
2012-10-31,1,2
2012-11-01,1,2
2012-11-02,1,2
2012-11-13,1,2
2012-11-15,1,2
2012-11-16,1,2
2012-11-17,1,2
2012-11-18,1,2
2012-11-19,1,2
2012-12-06,1,2
2012-12-23,1,2
2012-12-24,1,2
2012-12-30,1,2
2012-12-31,1,2
2013-01-06,1,2
2013-01-10,1,2
2013-01-11,1,2
2013-02-24,1,2
2013-08-12,1,2
2013-09-03,1,2
2013-09-04,1,2
2013-09-11,1,2
2013-09-12,1,2
2013-09-14,1,2
2013-09-15,1,2
2013-09-16,1,2
2013-09-17,1,2
2013-09-18,1,2
2013-09-19,1,2
2013-09-20,1,2
2013-09-21,1,2
2013-09-22,1,2
2013-09-24,1,2
2013-09-26,1,2
2013-09-27,1,2
2013-09-28,1,2
2013-09-30,1,2
2013-10-01,1,2
2013-10-02,1,2
2013-10-03,1,2
2013-10-04,1,2
2013-10-05,1,2
2013-10-06,1,2
2013-10-07,1,2
2013-10-08,1,2
2013-10-09,1,2
2013-10-10,1,2
2013-10-11,1,2
2013-10-12,1,2
2013-10-13,1,2
2013-10-14,1,2
2013-10-15,1,2
2013-10-16,1,2
2013-10-17,1,2
2013-10-18,1,2
2013-10-19,1,2
2013-10-20,1,2
2013-10-21,1,2
2013-10-26,1,2
2013-11-05,1,2
2013-11-06,1,2
2013-11-07,1,2
2013-11-08,1,2
2013-11-09,1,2
2013-11-10,1,2
2013-11-11,1,2
2013-11-14,1,2
2013-11-15,1,2
2013-11-16,1,2
2013-11-17,1,2
2013-11-18,1,2
2013-11-19,1,2
2013-11-20,1,2
2013-11-22,1,2
2013-11-23,1,2
2013-11-26,1,2
2013-11-27,1,2
2013-11-28,1,2
2013-11-29,1,2
2013-11-30,1,2
2013-12-15,1,2
2013-12-23,1,2
2013-12-24,1,2
2013-12-27,1,2
2014-07-23,1,2
2014-07-30,1,2
2014-08-01,1,2
2014-08-02,1,2
2014-09-01,1,2
2014-09-02,1,2
2014-09-24,1,2
2014-09-25,1,2
2014-10-07,1,2
2014-10-08,1,2
2014-10-12,1,2
2014-10-13,1,2
2014-10-17,1,2
2014-10-18,1,2
2014-10-19,1,2
2014-10-20,1,2
2014-10-23,1,2
2014-10-24,1,2
2014-10-25,1,2
2014-10-26,1,2
2014-10-27,1,2
2014-10-28,1,2
2014-11-13,1,2
2014-11-14,1,2
2014-11-15,1,2
2014-11-16,1,2
2014-11-17,1,2
2014-11-19,1,2
2014-11-20,1,2
2014-11-30,1,2
2014-12-01,1,2
2014-12-02,1,2
2014-12-05,1,2
2014-12-06,1,2
2014-12-07,1,2
2014-12-08,1,2
2014-12-09,1,2
2014-12-10,1,2
2014-12-11,1,2
2014-12-12,1,2
2014-12-13,1,2
2014-12-14,1,2
2014-12-16,1,2
2014-12-17,1,2
2014-12-18,1,2
2014-12-19,1,2
2014-12-20,1,2
2014-12-21,1,2
2014-12-22,1,2
2014-12-23,1,2
2014-12-25,1,2
2014-12-26,1,2
2014-12-27,1,2
2014-12-28,1,2
2014-12-29,1,2
2015-01-09,1,2
2015-01-10,1,2
2015-01-11,1,2
2015-09-12,1,2
2015-09-13,1,2
2015-09-14,1,2
2015-09-15,1,2
2015-09-16,1,2
2015-10-04,1,2
2015-10-05,1,2
2015-10-10,1,2
2015-10-11,1,2
2015-10-12,1,2
2015-10-13,1,2
2015-10-14,1,2
2015-10-15,1,2
2015-11-02,1,2
2015-11-03,1,2
2015-11-05,1,2
2015-11-06,1,2
2015-11-07,1,2
2015-11-26,1,2
2015-11-27,1,2
2015-11-28,1,2
2015-11-29,1,2
2015-12-01,1,2
2015-12-02,1,2
2015-12-03,1,2
2015-12-04,1,2
2015-12-05,1,2
2015-12-06,1,2
2015-12-07,1,2
2015-12-08,1,2
2015-12-09,1,2
2015-12-10,1,2
2015-12-11,1,2
2015-12-12,1,2
2015-12-13,1,2
2015-12-14,1,2
2015-12-15,1,2
2015-12-16,1,2
2015-12-17,1,2
2015-12-18,1,2
2015-12-19,1,2
2015-12-20,1,2
2015-12-21,1,2
2015-12-22,1,2
2015-12-23,1,2
2015-12-24,1,2
2015-12-25,1,2
2015-12-26,1,2
2015-12-27,1,2
2015-12-28,1,2
2015-12-29,1,2
2015-12-30,1,2
2015-12-31,1,2
2016-01-01,1,2
2016-01-02,1,2
2016-01-03,1,2
2016-01-04,1,2
2016-01-05,1,2
2016-01-06,1,2
2016-01-07,1,2
2016-01-08,1,2
2016-01-09,1,2
2016-01-10,1,2
2016-01-11,1,2
2016-01-12,1,2
2016-01-13,1,2
2016-01-14,1,2
2016-01-15,1,2
2016-01-16,1,2
2016-01-17,1,2
2016-01-18,1,2
2016-01-19,1,2
2016-01-20,1,2
2016-01-21,1,2
2016-01-22,1,2
2016-01-23,1,2
2016-01-24,1,2
2016-01-25,1,2
2016-01-26,1,2
2016-01-27,1,2
2016-01-28,1,2
2016-01-29,1,2
2016-01-30,1,2
2016-01-31,1,2
2016-02-01,1,2
2016-02-02,1,2
2016-02-03,1,2
2016-02-04,1,2
2016-02-05,1,2
2016-02-06,1,2
2016-02-07,1,2
2016-02-08,1,2
2016-02-09,1,2
2016-02-10,1,2
2016-02-11,1,2
2016-02-12,1,2
2016-02-13,1,2
2016-02-14,1,2
2016-02-15,1,2
2016-02-16,1,2
2016-02-17,1,2
2016-02-18,1,2
2016-02-19,1,2
2016-02-20,1,2
2016-02-21,1,2
2016-02-22,1,2
2016-02-23,1,2
2016-02-24,1,2
2016-02-25,1,2
2016-02-26,1,2
2016-02-27,1,2
2016-02-28,1,2
2016-02-29,1,2
2016-03-01,1,2
2016-03-02,1,2
2016-03-03,1,2
2016-03-04,1,2
2016-03-05,1,2
2016-03-06,1,2
2016-03-07,1,2
2016-03-08,1,2
2016-03-09,1,2
2016-03-10,1,2
2016-03-11,1,2
2016-03-12,1,2
2016-03-13,1,2
2016-03-14,1,2
2016-03-15,1,2
2016-03-16,1,2
2016-03-17,1,2
2016-03-18,1,2
2016-03-19,1,2
2016-03-20,1,2
2016-03-21,1,2
2016-03-22,1,2
2016-03-23,1,2
2016-03-24,1,2
2016-03-25,1,2
2016-03-26,1,2
2016-03-27,1,2
2016-03-28,1,2
2016-03-29,1,2
2016-03-30,1,2
2016-03-31,1,2
2016-04-01,1,2
2016-04-02,1,2
2016-04-03,1,2
2016-04-04,1,2
2016-04-05,1,2
2016-04-06,1,2
2016-04-07,1,2
2016-04-08,1,2
2016-04-09,1,2
2016-04-10,1,2
2016-04-11,1,2
2016-04-12,1,2
2016-04-13,1,2
2016-04-14,1,2
2016-04-15,1,2
2016-04-16,1,2
2016-04-17,1,2
2016-04-18,1,2
2016-04-19,1,2
2016-04-20,1,2
2016-04-21,1,2
2016-04-22,1,2
2016-04-23,1,2
2016-04-24,1,2
2016-04-25,1,2
2016-04-26,1,2
2016-04-27,1,2
2016-04-28,1,2
2016-04-29,1,2
2016-04-30,1,2
2016-05-01,1,2
2016-05-02,1,2
2016-05-03,1,2
2016-05-04,1,2
2016-05-05,1,2
2016-05-06,1,2
2016-05-07,1,2
2016-05-08,1,2
2016-05-09,1,2
2016-05-10,1,2
2016-05-11,1,2
2016-05-12,1,2
2016-05-13,1,2
2016-05-14,1,2
2016-05-15,1,2
2016-05-16,1,2
2016-05-17,1,2
2016-05-18,1,2
2016-05-19,1,2
2016-05-20,1,2
2016-05-21,1,2
2016-05-22,1,2
2016-05-23,1,2
2016-05-24,1,2
2016-05-25,1,2
2016-05-26,1,2
2016-05-27,1,2
2016-05-28,1,2
2016-05-29,1,2
2016-05-30,1,2
2016-05-31,1,2
2016-06-01,1,2
2016-06-02,1,2
2016-06-03,1,2
2016-06-04,1,2
2016-06-05,1,2
2016-06-06,1,2
2016-06-07,1,2
2016-06-08,1,2
2016-06-09,1,2
2016-06-10,1,2
2016-06-11,1,2
2016-06-12,1,2
2016-06-13,1,2
2016-06-14,1,2
2016-06-15,1,2
2016-06-16,1,2
2016-06-17,1,2
2016-06-18,1,2
2016-06-19,1,2
2016-06-20,1,2
2016-06-21,1,2
2016-06-22,1,2
2016-06-23,1,2
2016-06-24,1,2
2016-06-25,1,2
2016-06-26,1,2
2016-06-27,1,2
2016-06-28,1,2
2016-06-29,1,2
2016-06-30,1,2
2016-07-01,1,2
2016-07-02,1,2
2016-07-03,1,2
2016-07-04,1,2
2016-07-05,1,2
2016-07-06,1,2
2016-07-07,1,2
2016-07-08,1,2
2016-07-09,1,2
2016-07-10,1,2
2016-07-11,1,2
2016-07-12,1,2
2016-07-13,1,2
2016-07-14,1,2
2016-07-15,1,2
2016-07-16,1,2
2016-07-17,1,2
2016-07-18,1,2
2016-07-19,1,2
2016-07-20,1,2
2016-07-21,1,2
2016-07-22,1,2
2016-07-23,1,2
2016-07-24,1,2
2016-07-25,1,2
2016-07-26,1,2
2016-07-27,1,2
2016-07-28,1,2
2016-07-29,1,2
2016-07-30,1,2
2016-07-31,1,2
2016-08-01,1,2
2016-08-02,1,2
2016-08-03,1,2
2016-08-04,1,2
2016-08-05,1,2
2016-08-06,1,2
2016-08-07,1,2
2016-08-08,1,2
2016-08-09,1,2
2016-08-10,1,2
2016-08-11,1,2
2016-08-12,1,2
2016-08-13,1,2
2016-08-14,1,2
2016-08-15,1,2
2016-08-16,1,2
2016-08-17,1,2
2016-08-18,1,2
2016-08-19,1,2
2016-08-20,1,2
2016-08-21,1,2
2016-08-22,1,2
2016-08-23,1,2
2016-08-24,1,2
2016-08-25,1,2
2016-08-26,1,2
2016-08-27,1,2
2016-08-28,1,2
2016-08-29,1,2
2016-08-30,1,2
2016-08-31,1,2
2016-09-01,1,2
2016-09-02,1,2
2016-09-03,1,2
2016-09-04,1,2
2016-09-05,1,2
2016-09-06,1,2
2016-09-07,1,2
2016-09-08,1,2
2016-09-09,1,2
2016-09-10,1,2
2016-09-11,1,2
2016-09-12,1,2
2016-09-13,1,2
2016-09-14,1,2
2016-09-15,1,2
2016-09-16,1,2
2016-09-17,1,2
2016-09-18,1,2
2016-09-19,1,2
2016-09-20,1,2
2016-09-21,1,2
2016-09-22,1,2
2016-09-23,1,2
2016-09-24,1,2
2016-09-25,1,2
2016-09-26,1,2
2016-09-27,1,2
2016-09-28,1,2
2016-09-29,1,2
2016-09-30,1,2
2016-10-01,1,2
2016-10-02,1,2
2016-10-03,1,2
2016-10-04,1,2
2016-10-05,1,2
2016-10-06,1,2
2016-10-07,1,2
2016-10-08,1,2
2016-10-09,1,2
2016-10-10,1,2
2016-10-11,1,2
2016-10-12,1,2
2016-10-13,1,2
2016-10-14,1,2
2016-10-15,1,2
2016-10-16,1,2
2016-10-17,1,2
2016-10-18,1,2
2016-10-19,1,2
2016-10-20,1,2
2016-10-21,1,2
2016-10-22,1,2
2016-10-23,1,2
2016-10-24,1,2
2016-10-25,1,2
2016-10-26,1,2
2016-10-27,1,2
2016-10-28,1,2
2016-10-29,1,2
2016-10-30,1,2
2016-10-31,1,2
2016-11-01,1,2
2016-11-02,1,2
2016-11-03,1,2
2016-11-04,1,2
2016-11-05,1,2
2016-11-06,1,2
2016-11-07,1,2
2016-11-08,1,2
2016-11-09,1,2
2016-11-10,1,2
2016-11-11,1,2
2016-11-12,1,2
2016-11-13,1,2
2016-11-14,1,2
2016-11-15,1,2
2016-11-16,1,2
2016-11-17,1,2
2016-11-18,1,2
2016-11-19,1,2
2016-11-20,1,2
2016-11-21,1,2
2016-11-22,1,2
2016-11-23,1,2
2016-11-24,1,2
2016-11-25,1,2
2016-11-26,1,2
2016-11-27,1,2
2016-11-28,1,2
2016-11-29,1,2
2016-11-30,1,2
2016-12-01,1,2
2016-12-02,1,2
2016-12-03,1,2
2016-12-04,1,2
2016-12-05,1,2
2016-12-06,1,2
2016-12-07,1,2
2016-12-08,1,2
2016-12-09,1,2
2016-12-10,1,2
2016-12-11,1,2
2016-12-12,1,2
2016-12-13,1,2
2016-12-14,1,2
2016-12-15,1,2
2016-12-16,1,2
2016-12-17,1,2
2016-12-18,1,2
2016-12-19,1,2
2016-12-20,1,2
2016-12-21,1,2
2016-12-22,1,2
2016-12-23,1,2
2016-12-24,1,2
2016-12-25,1,2
2016-12-26,1,2
2016-12-27,1,2
2016-12-28,1,2
2016-12-29,1,2
2016-12-30,1,2
2016-12-31,1,2
2017-01-01,1,2
2017-01-02,1,2
2017-01-03,1,2
2017-01-04,1,2
2017-01-05,1,2
2017-01-06,1,2
2017-01-07,1,2
2017-01-08,1,2
2017-01-09,1,2
2017-01-10,1,2
2017-01-11,1,2
2017-01-12,1,2
2017-01-13,1,2
2017-01-14,1,2
2017-01-15,1,2
2017-01-16,1,2
2017-01-17,1,2
2017-01-18,1,2
2017-01-19,1,2
2017-01-20,1,2
2017-01-21,1,2
2017-01-22,1,2
2017-01-23,1,2
2017-01-24,1,2
2017-01-25,1,2
2017-01-26,1,2
2017-01-27,1,2
2017-01-28,1,2
2017-01-29,1,2
2017-01-30,1,2
2017-01-31,1,2
2017-02-01,1,2
2017-02-02,1,2
2017-02-03,1,2
2017-02-10,1,2
2017-02-11,1,2
2017-03-27,1,2
2017-06-08,1,2
2017-07-16,1,2
2017-07-19,1,2
2017-07-25,1,2
2017-07-26,1,2
2017-07-27,1,2
2017-08-26,1,2
2017-08-27,1,2
2017-08-28,1,2
2017-09-14,1,2
2017-09-15,1,2
2017-10-04,1,2
2017-10-08,1,2
2017-10-09,1,2
2017-10-10,1,2
2017-10-24,1,2
2017-10-25,1,2
2017-10-30,1,2
2017-10-31,1,2
2017-11-01,1,2
2017-11-02,1,2
2017-11-03,1,2
2017-11-04,1,2
2017-11-05,1,2
2017-11-06,1,2
2017-11-07,1,2
2017-11-08,1,2
2017-11-09,1,2
2017-11-11,1,2
2017-11-19,1,2
2017-11-20,1,2
2017-11-21,1,2
2017-11-22,1,2
2017-11-23,1,2
2017-11-24,1,2
2017-11-25,1,2
2017-11-26,1,2
2017-11-27,1,2
2017-11-28,1,2
2017-11-29,1,2
2017-12-01,1,2
2017-12-02,1,2
2017-12-03,1,2
2017-12-04,1,2
2017-12-05,1,2
2017-12-06,1,2
2017-12-17,1,2
2017-12-26,1,2
2017-12-27,1,2
2017-12-28,1,2
2017-12-29,1,2
2017-12-30,1,2
2018-01-12,1,2
2018-06-04,1,2
2018-07-10,1,2
2018-07-11,1,2
2018-07-12,1,2
2018-07-14,1,2
2018-08-10,1,2
2018-10-02,1,2
2018-10-03,1,2
2018-10-04,1,2
2018-10-12,1,2
2018-10-13,1,2
2018-11-08,1,2
2018-11-09,1,2
2018-11-23,1,2
2018-11-24,1,2
2018-11-25,1,2
2018-11-26,1,2
2018-11-27,1,2
2018-11-28,1,2
2018-11-29,1,2
2018-11-30,1,2
2018-12-08,1,2
2018-12-09,1,2
2018-12-10,1,2
2018-12-11,1,2
2018-12-12,1,2
2018-12-13,1,2
2018-12-14,1,2
2018-12-15,1,2
2018-12-16,1,2
2018-12-17,1,2
2018-12-24,1,2
2018-12-25,1,2
2018-12-28,1,2
2018-12-29,1,2
2018-12-30,1,2
2018-12-31,1,2
2019-01-17,1,2
2019-01-18,1,2
2019-01-22,1,2
2019-07-29,1,2
2019-08-29,1,2
2019-08-30,1,2
2019-09-02,1,2
2019-09-03,1,2
2019-09-04,1,2
2019-09-20,1,2
2019-09-25,1,2
2019-10-15,1,2
2019-10-16,1,2
2019-10-17,1,2
2019-10-18,1,2
2019-10-19,1,2
2019-10-29,1,2
2019-10-30,1,2
2019-10-31,1,2
2019-11-01,1,2
2019-11-02,1,2
2019-11-03,1,2
2019-11-04,1,2
2019-11-05,1,2
2019-11-10,1,2
2019-11-11,1,2
2019-11-12,1,2
2019-11-26,1,2
2019-11-27,1,2
2019-11-28,1,2
2019-11-29,1,2
2019-11-30,1,2
2020-01-30,1,2
2020-02-18,1,2
2020-08-17,1,2
2020-09-17,1,2
2020-09-18,1,2
2020-10-06,1,2
2020-10-07,1,2
2020-10-08,1,2
2020-10-09,1,2
2020-10-10,1,2
2020-10-11,1,2
2020-10-12,1,2
2020-10-13,1,2
2020-10-14,1,2
2020-10-15,1,2
2020-10-16,1,2
2020-10-17,1,2
2020-10-18,1,2
2020-10-19,1,2
2020-10-20,1,2
2020-10-21,1,2
2020-10-22,1,2
2020-10-23,1,2
2020-10-24,1,2
2020-10-25,1,2
2020-10-26,1,2
2020-10-27,1,2
2020-10-28,1,2
2020-10-29,1,2
2020-10-30,1,2
2020-10-31,1,2
2020-11-01,1,2
2020-11-02,1,2
2020-11-03,1,2
2020-11-05,1,2
2020-11-06,1,2
2020-11-07,1,2
2020-11-09,1,2
2020-11-10,1,2
2020-11-11,1,2
2020-11-12,1,2
2020-11-13,1,2
2020-11-14,1,2
2020-11-15,1,2
2020-11-27,1,2
2020-11-28,1,2
2020-11-29,1,2
2020-11-30,1,2
2020-12-01,1,2
2020-12-02,1,2
2020-12-03,1,2
2020-12-04,1,2
2020-12-05,1,2
2020-12-07,1,2
2020-12-15,1,2
2020-12-16,1,2
2020-12-17,1,2
2020-12-18,1,2
2020-12-19,1,2
2020-12-20,1,2
2020-12-21,1,2
2020-12-24,1,2
2020-12-25,1,2
2020-12-31,1,2
2021-01-04,1,2
2021-01-05,1,2
2021-01-08,1,2
2021-01-09,1,2
2021-01-10,1,2
2021-03-23,1,2
2021-09-10,1,2
2021-09-11,1,2
2021-09-12,1,2
2021-09-13,1,2
2021-09-14,1,2
2021-09-23,1,2
2021-09-24,1,2
2021-09-25,1,2
2021-10-06,1,2
2021-10-07,1,2
2021-10-08,1,2
2021-10-09,1,2
2021-10-14,1,2
2021-10-15,1,2
2021-10-16,1,2
2021-10-17,1,2
2021-10-18,1,2
2021-10-22,1,2
2021-10-23,1,2
2021-10-24,1,2
2021-10-25,1,2
2021-10-26,1,2
2021-10-27,1,2
2021-10-28,1,2
2021-10-29,1,2
2021-10-30,1,2
2021-10-31,1,2
2021-11-08,1,2
2021-11-09,1,2
2021-11-10,1,2
2021-11-11,1,2
2021-11-12,1,2
2021-11-13,1,2
2021-11-14,1,2
2021-11-15,1,2
2021-11-16,1,2
2021-11-17,1,2
2021-11-18,1,2
2021-11-19,1,2
2021-11-23,1,2
2021-11-24,1,2
2021-11-25,1,2
2021-11-27,1,2
2021-11-28,1,2
2021-11-29,1,2
2021-11-30,1,2
2021-12-01,1,2
2021-12-05,1,2
2021-12-06,1,2
2021-12-07,1,2
2021-12-18,1,2
2021-12-19,1,2
2021-12-20,1,2
2021-12-27,1,2
2021-12-28,1,2
2021-12-29,1,2
2021-12-30,1,2
2022-01-02,1,2
2022-01-03,1,2
2022-02-26,1,2
2022-03-31,1,2
2022-04-01,1,2
2022-04-02,1,2
2022-04-03,1,2
2022-04-04,1,2
2022-04-05,1,2
2022-05-01,1,2
2022-05-02,1,2
2022-05-16,1,2
2022-08-08,1,2
2022-08-09,1,2
2022-08-10,1,2
2022-08-11,1,2
2022-08-18,1,2
2022-08-19,1,2
2022-09-07,1,2
2022-09-08,1,2
2022-09-09,1,2
2022-09-24,1,2
2022-09-25,1,2
2022-09-26,1,2
2022-09-27,1,2
2022-09-28,1,2
2022-09-29,1,2
2022-09-30,1,2
2022-10-09,1,2
2022-10-10,1,2
2022-10-11,1,2
2022-10-12,1,2
2022-10-13,1,2
2022-10-14,1,2
2022-10-15,1,2
2022-10-16,1,2
2022-10-17,1,2
2022-10-26,1,2
2022-10-27,1,2
2022-10-28,1,2
2022-10-31,1,2
2022-11-20,1,2
2022-11-21,1,2
2022-11-22,1,2
2022-11-23,1,2
2022-11-24,1,2
2022-12-01,1,2
2022-12-02,1,2
2022-12-03,1,2
2022-12-04,1,2
2022-12-05,1,2
2022-12-06,1,2
2022-12-07,1,2
2022-12-08,1,2
2022-12-09,1,2
2022-12-13,1,2
2022-12-17,1,2
2022-12-18,1,2
2022-12-19,1,2
2022-12-23,1,2
2022-12-29,1,2
2022-12-30,1,2
2022-12-31,1,2
2023-01-03,1,2
2023-01-04,1,2
2023-01-05,1,2
2023-01-09,1,2
2023-01-16,1,2
2023-01-17,1,2
2023-01-18,1,2
2023-01-24,1,2
2023-01-25,1,2
2023-01-28,1,2
2023-02-26,1,2
2023-02-27,1,2
2023-02-28,1,2
2023-08-31,1,2
2023-09-07,1,2
2023-09-08,1,2
2023-09-15,1,2
2023-09-16,1,2
2023-09-25,1,2
2023-09-26,1,2
2023-09-27,1,2
2023-09-30,1,2
2023-10-09,1,2
2023-10-10,1,2
2023-10-11,1,2
2023-10-12,1,2
2023-10-13,1,2
2023-10-14,1,2
2023-10-15,1,2
2023-10-16,1,2
2023-10-17,1,2
2023-10-18,1,2
2023-10-19,1,2
2023-10-20,1,2
2023-10-23,1,2
2023-10-24,1,2
2023-10-25,1,2
2023-10-31,1,2
2023-11-01,1,2
2023-11-02,1,2
2023-11-07,1,2
2023-11-13,1,2
2023-11-14,1,2
2023-11-15,1,2
2023-11-16,1,2
2023-11-17,1,2
2023-11-18,1,2
2023-11-19,1,2
2023-11-26,1,2
2023-11-27,1,2
2023-12-01,1,2
2023-12-02,1,2
2023-12-03,1,2
2023-12-04,1,2
2023-12-09,1,2
2023-12-18,1,2
2023-12-19,1,2
2023-12-22,1,2
2023-12-23,1,2
2023-12-24,1,2
2023-12-25,1,2
2023-12-26,1,2
2023-12-27,1,2
2023-12-29,1,2
2024-01-25,1,2
2024-01-26,1,2
2024-07-14,1,2
2024-07-15,1,2
2024-07-16,1,2
2024-09-14,1,2
2024-09-15,1,2
2024-09-16,1,2
2024-09-17,1,2
2024-09-18,1,2
2024-09-19,1,2
2024-09-20,1,2
2024-09-21,1,2
2024-09-23,1,2
2024-10-04,1,2
2024-10-08,1,2
2024-10-09,1,2
2024-10-13,1,2
2024-10-15,1,2
2024-10-16,1,2
2024-10-20,1,2
2024-10-21,1,2
2024-10-22,1,2
2024-10-23,1,2
2024-10-24,1,2
2024-10-25,1,2
2024-10-26,1,2
2024-10-27,1,2
2024-10-28,1,2
2024-10-29,1,2
2024-10-30,1,2
2024-10-31,1,2
2024-11-01,1,2
2024-11-03,1,2
2024-11-04,1,2
2024-11-05,1,2
2024-11-06,1,2
2024-11-07,1,2
2024-11-08,1,2
2024-11-12,1,2
2024-11-13,1,2
2024-11-14,1,2
2024-11-19,1,2
2024-11-20,1,2
2024-11-21,1,2
2024-11-22,1,2
2024-11-23,1,2
2024-11-24,1,2
2024-11-25,1,2
2024-11-26,1,2
2024-11-27,1,2
2024-11-29,1,2
2024-12-08,1,2
2024-12-10,1,2
2024-12-11,1,2
2024-12-12,1,2
2024-12-13,1,2
2024-12-14,1,2
2024-12-15,1,2
2024-12-16,1,2
2024-12-17,1,2
2024-12-18,1,2
2024-12-19,1,2
2024-12-20,1,2
2024-12-23,1,2
2024-12-24,1,2
2024-12-25,1,2
2024-12-26,1,2
2024-12-27,1,2
2024-12-28,1,2
2024-12-29,1,2
2024-12-30,1,2
2025-01-16,1,2
2025-01-17,1,2
2025-01-18,1,2
2025-02-25,1,2
2025-02-26,1,2
2025-03-17,1,2
2025-03-18,1,2
2025-06-12,1,2
2025-06-13,1,2
2025-06-14,1,2
2025-08-17,1,2
2025-08-29,1,2
2025-08-31,1,2
2025-09-02,1,2
2025-09-18,1,2
2025-09-19,1,2
2025-09-20,1,2
2025-09-22,1,2
2025-09-23,1,2
2025-09-27,1,2
2025-09-28,1,2
2025-09-29,1,2
2025-09-30,1,2
2025-10-11,1,2
2025-10-12,1,2
2025-10-15,1,2
2025-10-18,1,2
2025-10-19,1,2
2025-10-20,1,2
2025-10-21,1,2
2025-10-22,1,2
2025-10-25,1,2
2025-10-26,1,2
2025-10-27,1,2
2025-10-28,1,2
2025-10-29,1,2
2025-10-30,1,2
2025-10-31,1,2
2025-11-01,1,2
2025-11-02,1,2
2025-11-03,1,2
2025-11-04,1,2
2025-11-05,1,2
2025-11-06,1,2
2025-11-07,1,2
2025-11-08,1,2
2025-11-09,1,2
2025-11-16,1,2
2025-11-17,1,2
2025-11-18,1,2
2025-11-19,1,2
2025-11-20,1,2
2025-11-21,1,2
2025-11-22,1,2
2025-11-23,1,2
2025-11-24,1,2
2025-11-25,1,2
2025-11-26,1,2
2025-12-03,1,2
2025-12-04,1,2
2025-12-05,1,2
2025-12-06,1,2
2025-12-10,1,2
2025-12-11,1,2
2025-12-12,1,2
2025-12-15,1,2
2025-12-16,1,2
2025-12-17,1,2
2025-12-22,1,2
2025-12-23,1,2
2025-12-26,1,2
2025-12-27,1,2
2025-12-28,1,2
